44234,Princesse,Princesse,dzdzdzdzd,89879978,gh@gmail.com,22,43,655,19970606173023,
44234,Princesse,Princesse,dzdzdzdzd,89879978,gh@gmail.com,22,43,655,19970606173023,
44234,Princesse,Princesse,dzdzdzdzd,89879978,gh@gmail.com,22,43,655,19970606173023,
44234,Princesse,Princesse,dzdzdzdzd,89879978,gh@gmail.com,22,43,655,19970606173023,
44234,Princesse,Princesse,dzdzdzdzd,89879978,gh@gmail.com,22,43,655,19970606173023,
44234,Princesse,Princesse,dzdzdzdzd,89879978,gh@gmail.com,22,43,655,19970606173023,
44234,Princesse,Princesse,dzdzdzdzd,89879978,gh@gmail.com,22,43,655,19970606173023,
44234,Princesse,Princesse,dzdzdzdzd,89879978,gh@gmail.com,22,43,655,19970606173023,
44234,Princesse,Princesse,dzdzdzdzd,89879978,gh@gmail.com,22,43,655,19970606173023,
44234,Princesse,Princesse,dzdzdzdzd,89879978,gh@gmail.com,22,43,655,19970606173023,
44234,Princesse,Princesse,dzdzdzdzd,89879978,gh@gmail.com,22,43,655,19970606173023,
44234,Princesse,Princesse,dzdzdzdzd,89879978,gh@gmail.com,22,43,655,19970606173023,
44234,Princesse,Princesse,dzdzdzdzd,89879978,gh@gmail.com,22,43,655,19970606173023,
44234,Princesse,Princesse,dzdzdzdzd,89879978,gh@gmail.com,22,43,655,19970606173023,
44234,Princesse,Princesse,dzdzdzdzd,89879978,gh@gmail.com,22,43,655,19970606173023,
